{
  "cli": {
    "version": ">= 3.19.0"
  },
  "build": {
    "preview": {
      "distribution": "internal",
      "android": {
        "buildType": "apk"
      },
      "env": {
        "EXPO_PUBLIC_API_URL": "https://api.ffideal.app"
      }
    },
    "production": {
      "distribution": "store",
      "android": {
        "buildType": "app-bundle"
      },
      "ios": {
        "workflow": "managed"
      },
      "env": {
        "EXPO_PUBLIC_API_URL": "https://api.ffideal.app"
      }
    }
  },
  "submit": {
    "production": {}
  }
}